{
  "project_info": {
    "project_number": "759433725113",
    "project_id": "project-akhir-ugm-intermediate",
    "storage_bucket": "project-akhir-ugm-intermediate.appspot.com"
  },
  "client": [
    {
      "client_info": {
        "mobilesdk_app_id": "1:759433725113:android:2b889019893adbecb18768",
        "android_client_info": {
          "package_name": "com.example.mefood"
        }
      },
      "oauth_client": [
        {
          "client_id": "759433725113-4urmran8olob8o1ccd4v6n4iblv1jgbs.apps.googleusercontent.com",
          "client_type": 3
        }
      ],
      "api_key": [
        {
          "current_key": "AIzaSyA4sDFODDHLttPDx_rRza5xFvY5I1NgYuA"
        }
      ],
      "services": {
        "appinvite_service": {
          "other_platform_oauth_client": [
            {
              "client_id": "759433725113-4urmran8olob8o1ccd4v6n4iblv1jgbs.apps.googleusercontent.com",
              "client_type": 3
            }
          ]
        }
      }
    }
  ],
  "configuration_version": "1"
}